filename,Diameter,Pitch,RPM min,RPM max,Blades,Extension,RPM,Power,Torque,Thrust
PER3_4x33E.dat,4.0,3.3,1000,41000,2,E,10000,6.851,0.007,0.686
PER3_4x33E.dat,4.0,3.3,1000,41000,2,E,11000,9.051,0.008,0.831
PER3_4x33E.dat,4.0,3.3,1000,41000,2,E,12000,11.676,0.009,0.99
PER3_4x33E.dat,4.0,3.3,1000,41000,2,E,13000,14.763,0.011,1.162
PER3_4x33E.dat,4.0,3.3,1000,41000,2,E,14000,18.35,0.013,1.349
PER3_4x33E.dat,4.0,3.3,1000,41000,2,E,15000,22.475,0.014,1.55
PER3_4x33E.dat,4.0,3.3,1000,41000,2,E,16000,27.177,0.016,1.765
PER3_4x33E.dat,4.0,3.3,1000,41000,2,E,17000,32.495,0.018,1.994
PER3_4x33E.dat,4.0,3.3,1000,41000,2,E,18000,38.468,0.02,2.237
PER3_4x33E.dat,4.0,3.3,1000,41000,2,E,19000,45.134,0.023,2.495
PER3_4x33E.dat,4.0,3.3,1000,41000,2,E,20000,52.536,0.025,2.767
PER3_4x33E.dat,4.0,3.3,1000,41000,2,E,21000,60.713,0.028,3.053
PER3_4x33E.dat,4.0,3.3,1000,41000,2,E,22000,69.706,0.03,3.354
PER3_4x33E.dat,4.0,3.3,1000,41000,2,E,23000,79.558,0.033,3.669
PER3_4x33E.dat,4.0,3.3,1000,41000,2,E,24000,90.311,0.036,3.999
PER3_4x33E.dat,4.0,3.3,1000,41000,2,E,25000,102.009,0.039,4.344
PER3_4x33E.dat,4.0,3.3,1000,41000,2,E,26000,114.695,0.042,4.703
PER3_4x33E.dat,4.0,3.3,1000,41000,2,E,27000,128.414,0.045,5.078
PER3_4x33E.dat,4.0,3.3,1000,41000,2,E,28000,143.213,0.049,5.467
PER3_4x33E.dat,4.0,3.3,1000,41000,2,E,29000,159.139,0.052,5.871
PER3_4x33E.dat,4.0,3.3,1000,41000,2,E,30000,176.239,0.056,6.291
PER3_4x33E.dat,4.0,3.3,1000,41000,2,E,31000,194.563,0.06,6.725
PER3_4x33E.dat,4.0,3.3,1000,41000,2,E,32000,214.16,0.064,7.176
PER3_4x33E.dat,4.0,3.3,1000,41000,2,E,33000,235.083,0.068,7.641
PER3_4x33E.dat,4.0,3.3,1000,41000,2,E,34000,257.386,0.072,8.123
PER3_4x33E.dat,4.0,3.3,1000,41000,2,E,35000,281.123,0.077,8.62
PER3_4x33E.dat,4.0,3.3,1000,41000,2,E,36000,306.351,0.081,9.133
PER3_4x33E.dat,4.0,3.3,1000,41000,2,E,37000,333.133,0.086,9.662
PER3_4x33E.dat,4.0,3.3,1000,41000,2,E,38000,361.529,0.091,10.207
PER3_4x33E.dat,4.0,3.3,1000,41000,2,E,39000,391.602,0.096,10.768
PER3_4x33E.dat,4.0,3.3,1000,41000,2,E,40000,423.415,0.101,11.346
PER3_4x33E.dat,4.0,3.3,1000,41000,2,E,41000,457.039,0.106,11.941
PER3_4x4E-3.dat,4.0,4.0,1000,41000,3,E,10000,12.696,0.012,1.095
PER3_4x4E-3.dat,4.0,4.0,1000,41000,3,E,11000,16.794,0.015,1.326
PER3_4x4E-3.dat,4.0,4.0,1000,41000,3,E,12000,21.69,0.017,1.58
PER3_4x4E-3.dat,4.0,4.0,1000,41000,3,E,13000,27.452,0.02,1.855
PER3_4x4E-3.dat,4.0,4.0,1000,41000,3,E,14000,34.154,0.023,2.154
PER3_4x4E-3.dat,4.0,4.0,1000,41000,3,E,15000,41.866,0.027,2.474
PER3_4x4E-3.dat,4.0,4.0,1000,41000,3,E,16000,50.662,0.03,2.817
PER3_4x4E-3.dat,4.0,4.0,1000,41000,3,E,17000,60.614,0.034,3.183
PER3_4x4E-3.dat,4.0,4.0,1000,41000,3,E,18000,71.797,0.038,3.572
PER3_4x4E-3.dat,4.0,4.0,1000,41000,3,E,19000,84.285,0.042,3.983
PER3_4x4E-3.dat,4.0,4.0,1000,41000,3,E,20000,98.154,0.047,4.417
PER3_4x4E-3.dat,4.0,4.0,1000,41000,3,E,21000,113.48,0.052,4.874
PER3_4x4E-3.dat,4.0,4.0,1000,41000,3,E,22000,130.341,0.057,5.354
PER3_4x4E-3.dat,4.0,4.0,1000,41000,3,E,23000,148.815,0.062,5.857
PER3_4x4E-3.dat,4.0,4.0,1000,41000,3,E,24000,168.982,0.067,6.383
PER3_4x4E-3.dat,4.0,4.0,1000,41000,3,E,25000,190.923,0.073,6.933
PER3_4x4E-3.dat,4.0,4.0,1000,41000,3,E,26000,214.72,0.079,7.507
PER3_4x4E-3.dat,4.0,4.0,1000,41000,3,E,27000,240.457,0.085,8.103
PER3_4x4E-3.dat,4.0,4.0,1000,41000,3,E,28000,268.219,0.091,8.724
PER3_4x4E-3.dat,4.0,4.0,1000,41000,3,E,29000,298.092,0.098,9.369
PER3_4x4E-3.dat,4.0,4.0,1000,41000,3,E,30000,330.166,0.105,10.037
PER3_4x4E-3.dat,4.0,4.0,1000,41000,3,E,31000,364.532,0.112,10.73
PER3_4x4E-3.dat,4.0,4.0,1000,41000,3,E,32000,401.281,0.12,11.447
PER3_4x4E-3.dat,4.0,4.0,1000,41000,3,E,33000,440.508,0.127,12.189
PER3_4x4E-3.dat,4.0,4.0,1000,41000,3,E,34000,482.313,0.135,12.955
PER3_4x4E-3.dat,4.0,4.0,1000,41000,3,E,35000,526.793,0.144,13.746
PER3_4x4E-3.dat,4.0,4.0,1000,41000,3,E,36000,574.053,0.152,14.563
PER3_4x4E-3.dat,4.0,4.0,1000,41000,3,E,37000,624.2,0.161,15.404
PER3_4x4E-3.dat,4.0,4.0,1000,41000,3,E,38000,677.344,0.17,16.271
PER3_4x4E-3.dat,4.0,4.0,1000,41000,3,E,39000,733.602,0.18,17.164
PER3_4x4E-3.dat,4.0,4.0,1000,41000,3,E,40000,793.094,0.189,18.082
PER3_5x3E.dat,5.0,3.0,1000,41000,2,E,10000,9.032,0.009,0.984
PER3_5x3E.dat,5.0,3.0,1000,41000,2,E,11000,11.895,0.01,1.192
PER3_5x3E.dat,5.0,3.0,1000,41000,2,E,12000,15.305,0.012,1.421
PER3_5x3E.dat,5.0,3.0,1000,41000,2,E,13000,19.309,0.014,1.67
PER3_5x3E.dat,5.0,3.0,1000,41000,2,E,14000,23.958,0.016,1.94
PER3_5x3E.dat,5.0,3.0,1000,41000,2,E,15000,29.302,0.019,2.23
PER3_5x3E.dat,5.0,3.0,1000,41000,2,E,16000,35.391,0.021,2.541
PER3_5x3E.dat,5.0,3.0,1000,41000,2,E,17000,42.278,0.024,2.874
PER3_5x3E.dat,5.0,3.0,1000,41000,2,E,18000,50.016,0.027,3.228
PER3_5x3E.dat,5.0,3.0,1000,41000,2,E,19000,58.66,0.029,3.603
PER3_5x3E.dat,5.0,3.0,1000,41000,2,E,20000,68.267,0.033,4.0
PER3_5x3E.dat,5.0,3.0,1000,41000,2,E,21000,78.893,0.036,4.419
PER3_5x3E.dat,5.0,3.0,1000,41000,2,E,22000,90.599,0.039,4.861
PER3_5x3E.dat,5.0,3.0,1000,41000,2,E,23000,103.446,0.043,5.325
PER3_5x3E.dat,5.0,3.0,1000,41000,2,E,24000,117.498,0.047,5.812
PER3_5x3E.dat,5.0,3.0,1000,41000,2,E,25000,132.822,0.051,6.322
PER3_5x3E.dat,5.0,3.0,1000,41000,2,E,26000,149.486,0.055,6.856
PER3_5x3E.dat,5.0,3.0,1000,41000,2,E,27000,167.562,0.059,7.414
PER3_5x3E.dat,5.0,3.0,1000,41000,2,E,28000,187.126,0.064,7.997
PER3_5x3E.dat,5.0,3.0,1000,41000,2,E,29000,208.258,0.069,8.604
PER3_5x3E.dat,5.0,3.0,1000,41000,2,E,30000,231.04,0.074,9.237
PER3_5x3E.dat,5.0,3.0,1000,41000,2,E,31000,255.562,0.079,9.896
PER3_5x3E.dat,5.0,3.0,1000,41000,2,E,32000,281.919,0.084,10.581
PER3_5x3E.dat,5.0,3.0,1000,41000,2,E,33000,310.212,0.09,11.293
PER3_5x3E.dat,5.0,3.0,1000,41000,2,E,34000,340.555,0.096,12.033
PER3_5x3E.dat,5.0,3.0,1000,41000,2,E,35000,373.082,0.102,12.802
PER3_5x3E.dat,5.0,3.0,1000,41000,2,E,36000,408.083,0.108,13.6
PER3_5x3E.dat,5.0,3.0,1000,41000,2,E,37000,446.068,0.115,14.427
PER3_5x3E.dat,5.0,3.0,1000,41000,2,E,38000,487.756,0.123,15.286
PER3_5x3E.dat,5.0,3.0,1000,41000,2,E,39000,534.108,0.131,16.175
PER3_5x3E.dat,5.0,3.0,1000,41000,2,E,40000,586.378,0.14,17.096
PER3_5x3E.dat,5.0,3.0,1000,41000,2,E,41000,646.048,0.15,18.048
PER3_5x37E-3.dat,5.0,3.7,1000,40000,3,E,10000,22.636,0.022,1.945
PER3_5x37E-3.dat,5.0,3.7,1000,40000,3,E,11000,29.941,0.026,2.356
PER3_5x37E-3.dat,5.0,3.7,1000,40000,3,E,12000,38.668,0.031,2.807
PER3_5x37E-3.dat,5.0,3.7,1000,40000,3,E,13000,48.948,0.036,3.299
PER3_5x37E-3.dat,5.0,3.7,1000,40000,3,E,14000,60.913,0.042,3.831
PER3_5x37E-3.dat,5.0,3.7,1000,40000,3,E,15000,74.695,0.048,4.403
PER3_5x37E-3.dat,5.0,3.7,1000,40000,3,E,16000,90.429,0.054,5.017
PER3_5x37E-3.dat,5.0,3.7,1000,40000,3,E,17000,108.255,0.061,5.672
PER3_5x37E-3.dat,5.0,3.7,1000,40000,3,E,18000,128.313,0.068,6.368
PER3_5x37E-3.dat,5.0,3.7,1000,40000,3,E,19000,150.746,0.076,7.107
PER3_5x37E-3.dat,5.0,3.7,1000,40000,3,E,20000,175.701,0.084,7.888
PER3_5x37E-3.dat,5.0,3.7,1000,40000,3,E,21000,203.329,0.092,8.712
PER3_5x37E-3.dat,5.0,3.7,1000,40000,3,E,22000,233.785,0.101,9.578
PER3_5x37E-3.dat,5.0,3.7,1000,40000,3,E,23000,267.226,0.111,10.489
PER3_5x37E-3.dat,5.0,3.7,1000,40000,3,E,24000,303.818,0.121,11.443
PER3_5x37E-3.dat,5.0,3.7,1000,40000,3,E,25000,343.729,0.131,12.443
PER3_5x37E-3.dat,5.0,3.7,1000,40000,3,E,26000,387.133,0.142,13.487
PER3_5x37E-3.dat,5.0,3.7,1000,40000,3,E,27000,434.211,0.154,14.578
PER3_5x37E-3.dat,5.0,3.7,1000,40000,3,E,28000,485.153,0.165,15.715
PER3_5x37E-3.dat,5.0,3.7,1000,40000,3,E,29000,540.154,0.178,16.899
PER3_5x37E-3.dat,5.0,3.7,1000,40000,3,E,30000,599.42,0.191,18.131
PER3_5x37E-3.dat,5.0,3.7,1000,40000,3,E,31000,663.17,0.204,19.412
PER3_5x37E-3.dat,5.0,3.7,1000,40000,3,E,32000,731.64,0.218,20.743
PER3_5x37E-3.dat,5.0,3.7,1000,40000,3,E,33000,805.084,0.233,22.124
PER3_5x37E-3.dat,5.0,3.7,1000,40000,3,E,34000,883.816,0.248,23.557
PER3_5x37E-3.dat,5.0,3.7,1000,40000,3,E,35000,968.293,0.264,25.042
PER3_5x37E-3.dat,5.0,3.7,1000,40000,3,E,36000,1059.229,0.281,26.581
PER3_5x37E-3.dat,5.0,3.7,1000,40000,3,E,37000,1157.636,0.299,28.174
PER3_5x37E-3.dat,5.0,3.7,1000,40000,3,E,38000,1264.882,0.318,29.821
PER3_5x37E-3.dat,5.0,3.7,1000,40000,3,E,39000,1382.737,0.339,31.524
PER3_5x4E-3.dat,5.0,4.0,1000,36000,3,E,10000,30.527,0.029,2.379
PER3_5x4E-4.dat,5.0,4.0,1000,37000,4,E,10000,32.622,0.031,2.518
PER3_5x4E-3.dat,5.0,4.0,1000,36000,3,E,11000,40.425,0.035,2.882
PER3_5x4E-4.dat,5.0,4.0,1000,37000,4,E,11000,43.179,0.037,3.051
PER3_5x4E-3.dat,5.0,4.0,1000,36000,3,E,12000,52.263,0.042,3.433
PER3_5x4E-4.dat,5.0,4.0,1000,37000,4,E,12000,55.8,0.044,3.635
PER3_5x4E-3.dat,5.0,4.0,1000,36000,3,E,13000,66.218,0.049,4.034
PER3_5x4E-4.dat,5.0,4.0,1000,37000,4,E,13000,70.675,0.052,4.272
PER3_5x4E-3.dat,5.0,4.0,1000,36000,3,E,14000,82.472,0.056,4.684
PER3_5x4E-4.dat,5.0,4.0,1000,37000,4,E,14000,87.995,0.06,4.961
PER3_5x4E-3.dat,5.0,4.0,1000,36000,3,E,15000,101.208,0.064,5.384
PER3_5x4E-4.dat,5.0,4.0,1000,37000,4,E,15000,107.956,0.069,5.703
PER3_5x4E-3.dat,5.0,4.0,1000,36000,3,E,16000,122.611,0.073,6.134
PER3_5x4E-4.dat,5.0,4.0,1000,37000,4,E,16000,130.755,0.078,6.498
PER3_5x4E-3.dat,5.0,4.0,1000,36000,3,E,17000,146.873,0.083,6.934
PER3_5x4E-4.dat,5.0,4.0,1000,37000,4,E,17000,156.595,0.088,7.346
PER3_5x4E-3.dat,5.0,4.0,1000,36000,3,E,18000,174.185,0.092,7.785
PER3_5x4E-4.dat,5.0,4.0,1000,37000,4,E,18000,185.682,0.099,8.249
PER3_5x4E-3.dat,5.0,4.0,1000,36000,3,E,19000,204.745,0.103,8.686
PER3_5x4E-4.dat,5.0,4.0,1000,37000,4,E,19000,218.225,0.11,9.206
PER3_5x4E-3.dat,5.0,4.0,1000,36000,3,E,20000,238.754,0.114,9.64
PER3_5x4E-4.dat,5.0,4.0,1000,37000,4,E,20000,254.441,0.121,10.218
PER3_5x4E-3.dat,5.0,4.0,1000,36000,3,E,21000,276.421,0.126,10.645
PER3_5x4E-4.dat,5.0,4.0,1000,37000,4,E,21000,294.55,0.134,11.286
PER3_5x4E-3.dat,5.0,4.0,1000,36000,3,E,22000,317.955,0.138,11.702
PER3_5x4E-4.dat,5.0,4.0,1000,37000,4,E,22000,338.779,0.147,12.409
PER3_5x4E-3.dat,5.0,4.0,1000,36000,3,E,23000,363.575,0.151,12.813
PER3_5x4E-4.dat,5.0,4.0,1000,37000,4,E,23000,387.361,0.161,13.59
PER3_5x4E-3.dat,5.0,4.0,1000,36000,3,E,24000,413.505,0.165,13.977
PER3_5x4E-4.dat,5.0,4.0,1000,37000,4,E,24000,440.537,0.175,14.827
PER3_5x4E-3.dat,5.0,4.0,1000,36000,3,E,25000,467.976,0.179,15.195
PER3_5x4E-4.dat,5.0,4.0,1000,37000,4,E,25000,498.553,0.19,16.123
PER3_5x4E-3.dat,5.0,4.0,1000,36000,3,E,26000,527.229,0.194,16.468
PER3_5x4E-4.dat,5.0,4.0,1000,37000,4,E,26000,561.67,0.206,17.478
PER3_5x4E-3.dat,5.0,4.0,1000,36000,3,E,27000,591.508,0.209,17.796
PER3_5x4E-4.dat,5.0,4.0,1000,37000,4,E,27000,630.151,0.223,18.892
PER3_5x4E-3.dat,5.0,4.0,1000,36000,3,E,28000,661.072,0.225,19.18
PER3_5x4E-4.dat,5.0,4.0,1000,37000,4,E,28000,704.275,0.24,20.367
PER3_5x4E-3.dat,5.0,4.0,1000,36000,3,E,29000,736.188,0.242,20.621
PER3_5x4E-4.dat,5.0,4.0,1000,37000,4,E,29000,784.33,0.258,21.903
PER3_5x4E-3.dat,5.0,4.0,1000,36000,3,E,30000,817.137,0.26,22.119
PER3_5x4E-4.dat,5.0,4.0,1000,37000,4,E,30000,870.617,0.277,23.502
PER3_5x4E-3.dat,5.0,4.0,1000,36000,3,E,31000,904.213,0.279,23.676
PER3_5x4E-4.dat,5.0,4.0,1000,37000,4,E,31000,963.455,0.297,25.165
PER3_5x4E-3.dat,5.0,4.0,1000,36000,3,E,32000,997.73,0.298,25.293
PER3_5x4E-4.dat,5.0,4.0,1000,37000,4,E,32000,1063.174,0.317,26.892
PER3_5x4E-3.dat,5.0,4.0,1000,36000,3,E,33000,1098.018,0.318,26.97
PER3_5x4E-4.dat,5.0,4.0,1000,37000,4,E,33000,1170.134,0.339,28.685
PER3_5x4E-3.dat,5.0,4.0,1000,36000,3,E,34000,1205.442,0.339,28.709
PER3_5x4E-4.dat,5.0,4.0,1000,37000,4,E,34000,1284.737,0.361,30.546
PER3_5x4E-3.dat,5.0,4.0,1000,36000,3,E,35000,1320.451,0.36,30.51
PER3_5x4E-4.dat,5.0,4.0,1000,37000,4,E,35000,1407.619,0.384,32.475
PER3_5x4E-3.dat,5.0,4.0,1000,36000,3,E,36000,1443.847,0.383,32.375
PER3_5x4E-4.dat,5.0,4.0,1000,37000,4,E,36000,1539.753,0.408,34.474
PER3_6x4E.dat,6.0,4.0,1000,33000,2,E,10000,23.833,0.023,2.172
PER3_6x4E.dat,6.0,4.0,1000,33000,2,E,11000,31.467,0.027,2.632
PER3_6x4E.dat,6.0,4.0,1000,33000,2,E,12000,40.583,0.032,3.137
PER3_6x4E.dat,6.0,4.0,1000,33000,2,E,13000,51.318,0.038,3.689
PER3_6x4E.dat,6.0,4.0,1000,33000,2,E,14000,63.812,0.044,4.286
PER3_6x4E.dat,6.0,4.0,1000,33000,2,E,15000,78.211,0.05,4.929
PER3_6x4E.dat,6.0,4.0,1000,33000,2,E,16000,94.661,0.056,5.62
PER3_6x4E.dat,6.0,4.0,1000,33000,2,E,17000,113.317,0.064,6.358
PER3_6x4E.dat,6.0,4.0,1000,33000,2,E,18000,134.337,0.071,7.145
PER3_6x4E.dat,6.0,4.0,1000,33000,2,E,19000,157.884,0.079,7.98
PER3_6x4E.dat,6.0,4.0,1000,33000,2,E,20000,184.127,0.088,8.865
PER3_6x4E.dat,6.0,4.0,1000,33000,2,E,21000,213.246,0.097,9.801
PER3_6x4E.dat,6.0,4.0,1000,33000,2,E,22000,245.425,0.107,10.787
PER3_6x4E.dat,6.0,4.0,1000,33000,2,E,23000,280.859,0.117,11.826
PER3_6x4E.dat,6.0,4.0,1000,33000,2,E,24000,319.754,0.127,12.918
PER3_6x4E.dat,6.0,4.0,1000,33000,2,E,25000,362.328,0.138,14.063
PER3_6x4E.dat,6.0,4.0,1000,33000,2,E,26000,408.813,0.15,15.265
PER3_6x4E.dat,6.0,4.0,1000,33000,2,E,27000,459.461,0.163,16.523
PER3_6x4E.dat,6.0,4.0,1000,33000,2,E,28000,514.549,0.175,17.838
PER3_6x4E.dat,6.0,4.0,1000,33000,2,E,29000,574.526,0.189,19.213
PER3_6x4E.dat,6.0,4.0,1000,33000,2,E,30000,640.384,0.204,20.649
PER3_6x4E.dat,6.0,4.0,1000,33000,2,E,31000,713.694,0.22,22.146
PER3_6x4E.dat,6.0,4.0,1000,33000,2,E,32000,796.672,0.238,23.706
PER3_6x4E.dat,6.0,4.0,1000,33000,2,E,33000,892.334,0.258,25.329
